<?xml version="1.0" encoding="utf-8"?>
<spirit:abstractionDefinition xmlns:ccslib="http://www.mentor.com/ccslib" xmlns:spirit="http://www.spiritconsortium.org/XMLSchema/SPIRIT/1.4" xmlns:xsi="http://www.w3.org/2001/XMLSchema-instance" xsi:schemaLocation="http://www.spiritconsortium.org/XMLSchema/SPIRIT/1.4 http://www.spiritconsortium.org/XMLSchema/SPIRIT/1.4/index.xsd">

   <spirit:vendor>mentor.com</spirit:vendor>
   <spirit:library>mgc_busdefs</spirit:library>
   <spirit:name>ccs_cs_rtl</spirit:name>
   <spirit:version>1.0</spirit:version>

   <spirit:busType spirit:vendor="mentor.com" spirit:library="mgc_busdefs" spirit:name="ccs_cs" spirit:version="1.0"/>

   <spirit:ports>

     <spirit:port>
       <spirit:vendorExtensions>
         <ccslib:portVendorExtensions> <ccslib:buspin>mgc_busdefs.chip_select:CS:1</ccslib:buspin><ccslib:pinassoc>*:CONSTANT:1</ccslib:pinassoc> </ccslib:portVendorExtensions>
       </spirit:vendorExtensions>
       <spirit:logicalName>CS</spirit:logicalName>
       <spirit:description>Chip Select (Active-high)</spirit:description>
       <spirit:wire>
         <spirit:onMaster>
           <spirit:direction>out</spirit:direction>
         </spirit:onMaster>
         <spirit:onSlave>
           <spirit:direction>in</spirit:direction>
         </spirit:onSlave>
         <spirit:defaultValue>0</spirit:defaultValue>
       </spirit:wire>
     </spirit:port>

     <spirit:port>
       <spirit:vendorExtensions>
         <ccslib:portVendorExtensions> <ccslib:buspin>mgc_busdefs.chip_select:CS:0</ccslib:buspin><ccslib:pinassoc>*:CONSTANT:0</ccslib:pinassoc> </ccslib:portVendorExtensions>
       </spirit:vendorExtensions>
       <spirit:logicalName>CSn</spirit:logicalName>
       <spirit:description>Chip Select (Active-low)</spirit:description>
       <spirit:wire>
         <spirit:onMaster>
           <spirit:direction>out</spirit:direction>
         </spirit:onMaster>
         <spirit:onSlave>
           <spirit:direction>in</spirit:direction>
         </spirit:onSlave>
         <spirit:defaultValue>1</spirit:defaultValue>
       </spirit:wire>
     </spirit:port>

   </spirit:ports>
  <spirit:description>Catapult chip select interface</spirit:description>
 </spirit:abstractionDefinition>

